institution,nom,type,annee,charges_exploitation,revenus_exploitation,resultat_exercice
CHUV,Centre hospitalier universitaire vaudois,budget,2019,1728394300.0,1711574600.0,-9400000.0
CHUV,Centre hospitalier universitaire vaudois,budget,2020,1753140500.0,1742655600.0,-2556200.0
CHUV,Centre hospitalier universitaire vaudois,budget,2021,1815717300.0,1813660300.0,2600000.0
CHUV,Centre hospitalier universitaire vaudois,budget,2022,1879954500.0,1861785500.0,-10000000.0
CHUV,Centre hospitalier universitaire vaudois,budget,2023,1935507100.0,1914304100.0,-15045400.0
CHUV,Centre hospitalier universitaire vaudois,budget,2024,2059270000.0,2035418200.0,-20000000.0
CHUV,Centre hospitalier universitaire vaudois,budget,2025,2135765100.0,2115930700.0,-15380400.0
CHUV,Centre hospitalier universitaire vaudois,budget,2026,2157334700.0,2142455900.0,-11600000.0
CHUV,Centre hospitalier universitaire vaudois,budget,2027,2163040400.0,2151259000.0,-5751000.0
CHUV,Centre hospitalier universitaire vaudois,comptes,2018,1795420369.33,1779117038.86,-7272465.13
CHUV,Centre hospitalier universitaire vaudois,comptes,2019,1758773035.87,1752115855.02,3439982.06
CHUV,Centre hospitalier universitaire vaudois,comptes,2020,1852688877.16,1828677818.63,-689771.94
CHUV,Centre hospitalier universitaire vaudois,comptes,2021,1928678762.37,1916022343.12,-7289226.81
CHUV,Centre hospitalier universitaire vaudois,comptes,2022,1944367207.71,1910641958.24,-24837760.0
CHUV,Centre hospitalier universitaire vaudois,comptes,2023,2012587066.3,2014934610.0,-3416312.48
CHUV,Centre hospitalier universitaire vaudois,comptes,2024,2097709043.0,2098562854.0,4607711.55
CHUV,Centre hospitalier universitaire vaudois,comptes,2025,2154843251.0,2152273327.0,1112102.0
ECAL,École cantonale d'art de Lausanne,budget,2019,20680400.0,20673300.0,
ECAL,École cantonale d'art de Lausanne,budget,2020,21199200.0,21184100.0,
ECAL,École cantonale d'art de Lausanne,budget,2021,21247400.0,21236300.0,0.0
ECAL,École cantonale d'art de Lausanne,budget,2022,21581100.0,21577500.0,0.0
ECAL,École cantonale d'art de Lausanne,budget,2023,22059500.0,22062600.0,0.0
ECAL,École cantonale d'art de Lausanne,budget,2024,22724200.0,22724200.0,0.0
ECAL,École cantonale d'art de Lausanne,budget,2025,23565400.0,23565400.0,0.0
ECAL,École cantonale d'art de Lausanne,budget,2026,24218700.0,24217200.0,0.0
ECAL,École cantonale d'art de Lausanne,budget,2027,24312153.0,24160653.0,0.0
ECAL,École cantonale d'art de Lausanne,comptes,2018,20716188.71,20994459.18,
ECAL,École cantonale d'art de Lausanne,comptes,2019,21464804.45,21168702.07,-282301.83
ECAL,École cantonale d'art de Lausanne,comptes,2020,21658477.57,21004821.98,-650264.64
ECAL,École cantonale d'art de Lausanne,comptes,2021,20924213.84,21485041.37,559658.23
ECAL,École cantonale d'art de Lausanne,comptes,2022,22021194.66,21646396.71,-376845.97
ECAL,École cantonale d'art de Lausanne,comptes,2023,22539860.98,22971377.89,430807.06
ECAL,École cantonale d'art de Lausanne,comptes,2024,23164674.37,23437618.49,276458.09
ECAL,École cantonale d'art de Lausanne,comptes,2025,24006438.67,24034010.32,33949.1
HEIG-VD,Haute école d'ingénierie et de gestion,budget,2019,84353800.0,84319100.0,
HEIG-VD,Haute école d'ingénierie et de gestion,budget,2020,85620700.0,85573000.0,
HEIG-VD,Haute école d'ingénierie et de gestion,budget,2021,83229400.0,83167000.0,0.0
HEIG-VD,Haute école d'ingénierie et de gestion,budget,2022,85104200.0,84988500.0,0.0
HEIG-VD,Haute école d'ingénierie et de gestion,budget,2023,87471100.0,87354400.0,0.0
HEIG-VD,Haute école d'ingénierie et de gestion,budget,2024,89562700.0,88896100.0,0.0
HEIG-VD,Haute école d'ingénierie et de gestion,budget,2025,90628300.0,90520600.0,0.0
HEIG-VD,Haute école d'ingénierie et de gestion,budget,2026,91249400.0,91007100.0,0.0
HEIG-VD,Haute école d'ingénierie et de gestion,budget,2027,93557600.0,93307100.0,0.0
HEIG-VD,Haute école d'ingénierie et de gestion,comptes,2018,83823070.3,86185180.19,
HEIG-VD,Haute école d'ingénierie et de gestion,comptes,2019,85320505.59,87320844.06,2096349.94
HEIG-VD,Haute école d'ingénierie et de gestion,comptes,2020,85152061.32,86410319.87,1308119.31
HEIG-VD,Haute école d'ingénierie et de gestion,comptes,2021,86135423.34,87364919.18,1284175.53
HEIG-VD,Haute école d'ingénierie et de gestion,comptes,2022,87699362.4,88049264.82,400331.55
HEIG-VD,Haute école d'ingénierie et de gestion,comptes,2023,88989981.63,89980123.9,1107523.06
HEIG-VD,Haute école d'ingénierie et de gestion,comptes,2024,91085183.5,93333218.53,2414346.36
HEIG-VD,Haute école d'ingénierie et de gestion,comptes,2025,91873170.66,94070732.26,2481456.68
HEP,Haute école pédagogique,budget,2019,61708300.0,61536800.0,
HEP,Haute école pédagogique,budget,2020,69399700.0,69155700.0,
HEP,Haute école pédagogique,budget,2021,72370800.0,72127300.0,0.0
HEP,Haute école pédagogique,budget,2022,76914500.0,75472500.0,0.0
HEP,Haute école pédagogique,budget,2023,78992800.0,78099800.0,0.0
HEP,Haute école pédagogique,budget,2024,81853300.0,81530300.0,0.0
HEP,Haute école pédagogique,budget,2025,87400300.0,87207300.0,0.0
HEP,Haute école pédagogique,budget,2026,89360300.0,89360300.0,200000.0
HEP,Haute école pédagogique,budget,2027,92698300.0,92014300.0,0.0
HEP,Haute école pédagogique,comptes,2018,60475759.42,61620452.63,
HEP,Haute école pédagogique,comptes,2019,63497162.96,63582411.54,823581.85
HEP,Haute école pédagogique,comptes,2020,64104595.99,68299736.32,4491543.74
HEP,Haute école pédagogique,comptes,2021,71141412.91,72662737.06,2678823.64
HEP,Haute école pédagogique,comptes,2022,77074885.65,74560152.51,-1935548.16
HEP,Haute école pédagogique,comptes,2023,80461868.33,80546320.83,776987.96
HEP,Haute école pédagogique,comptes,2024,85667491.58,83878668.95,-1489501.62
HEP,Haute école pédagogique,comptes,2025,87260533.55,87517691.86,432296.49
HESAV,Haute école de santé Vaud,budget,2019,38177500.0,37528600.0,
HESAV,Haute école de santé Vaud,budget,2020,37278600.0,36603200.0,
HESAV,Haute école de santé Vaud,budget,2021,38366300.0,37642300.0,0.0
HESAV,Haute école de santé Vaud,budget,2022,38212000.0,37320100.0,0.0
HESAV,Haute école de santé Vaud,budget,2023,39130000.0,38600000.0,0.0
HESAV,Haute école de santé Vaud,budget,2024,41476000.0,40917000.0,0.0
HESAV,Haute école de santé Vaud,budget,2025,44228500.0,43596200.0,0.0
HESAV,Haute école de santé Vaud,budget,2026,51758900.0,51167100.0,0.0
HESAV,Haute école de santé Vaud,budget,2027,61533600.0,61193600.0,0.0
HESAV,Haute école de santé Vaud,comptes,2018,36890041.29,36337747.18,
HESAV,Haute école de santé Vaud,comptes,2019,37332909.57,37279513.07,293509.5
HESAV,Haute école de santé Vaud,comptes,2020,37700440.32,38348120.53,901093.21
HESAV,Haute école de santé Vaud,comptes,2021,39192707.55,37901532.64,-921610.42
HESAV,Haute école de santé Vaud,comptes,2022,39069348.54,38360003.32,-337029.6
HESAV,Haute école de santé Vaud,comptes,2023,39851819.82,39499030.73,26287.88
HESAV,Haute école de santé Vaud,comptes,2024,42068301.9,41851992.31,166950.1
HESAV,Haute école de santé Vaud,comptes,2025,46145380.5,45793536.88,34943.76
UNIL,Université de Lausanne,budget,2019,517581745.0,506553661.0,
UNIL,Université de Lausanne,budget,2020,527335734.0,517165712.0,
UNIL,Université de Lausanne,budget,2021,538034518.0,528774385.0,0.0
UNIL,Université de Lausanne,budget,2022,552139521.0,544035817.0,0.0
UNIL,Université de Lausanne,budget,2023,572129570.0,556991357.0,0.0
UNIL,Université de Lausanne,budget,2024,581962466.0,571933478.0,0.0
UNIL,Université de Lausanne,budget,2025,584926729.0,576978891.0,0.0
UNIL,Université de Lausanne,budget,2026,582722479.0,560023841.0,0.0
UNIL,Université de Lausanne,budget,2027,638992290.0,620537592.0,0.0
UNIL,Université de Lausanne,comptes,2018,517405915.56,509252212.09,
UNIL,Université de Lausanne,comptes,2019,518623557.71,521455597.15,10934764.66
UNIL,Université de Lausanne,comptes,2020,523084396.0,530107137.32,5781094.33
UNIL,Université de Lausanne,comptes,2021,541593236.99,541236618.94,3041753.39
UNIL,Université de Lausanne,comptes,2022,555547272.56,550945821.67,821770.2
UNIL,Université de Lausanne,comptes,2023,577256766.78,567950637.71,376571.74
UNIL,Université de Lausanne,comptes,2024,591478658.05,579107960.89,-727410.68
UNIL,Université de Lausanne,comptes,2025,590128571.13,579601857.16,-2667169.98
