brochure,controle,valeur_calculee,valeur_officielle,ok,bloquant
2020,charges = récapitulation générale,10123628000.0,10123628000.0,1,1
2020,revenus = récapitulation générale,10123704100.0,10123704100.0,1,1
2020,nature 30 = tableau par nature,2533035400.0,2533035400.0,1,1
2020,nature 31 = tableau par nature,735805800.0,735805800.0,1,1
2020,nature 33 = tableau par nature,157700800.0,157700800.0,1,1
2020,nature 34 = tableau par nature,54576500.0,54576500.0,1,1
2020,nature 35 = tableau par nature,19630500.0,19630500.0,1,1
2020,nature 36 = tableau par nature,6006381400.0,6006381400.0,1,1
2020,nature 37 = tableau par nature,612724900.0,612724900.0,1,1
2020,nature 39 = tableau par nature,3772700.0,3772700.0,1,1
2020,nature 40 = tableau par nature,5901992000.0,5901992000.0,1,1
2020,nature 41 = tableau par nature,104169000.0,104169000.0,1,1
2020,nature 42 = tableau par nature,400127000.0,400127000.0,1,1
2020,nature 43 = tableau par nature,197927000.0,197927000.0,1,1
2020,nature 44 = tableau par nature,290859500.0,290859500.0,1,1
2020,nature 45 = tableau par nature,43842300.0,43842300.0,1,1
2020,nature 46 = tableau par nature,2568289700.0,2568289700.0,1,1
2020,nature 47 = tableau par nature,612724900.0,612724900.0,1,1
2020,nature 49 = tableau par nature,3772700.0,3772700.0,1,1
2020,effectifs = Total Etat,17917.88,17917.88,1,1
2020,"investissements, dépenses = total du budget",477223000,477223000.0,1,1
2020,"investissements, recettes = total du budget",49494000,49494000.0,1,1
2020,"investissements, dépenses nettes = total du budget",427729000,427729000.0,1,1
2020,"annexe CHUV, charges budget = total d'exploitation",1753140500.0,1753140500.0,1,0
2020,"annexe CHUV, charges budget précédent = total d'exploitation",1728394300.0,1728394300.0,1,0
2020,"annexe CHUV, charges comptes = total d'exploitation",1795420369.33,1795420369.33,1,0
2020,"annexe CHUV, revenus budget = total d'exploitation",1742655600.0,1742655600.0,1,0
2020,"annexe CHUV, revenus budget précédent = total d'exploitation",1711574600.0,1711574600.0,1,0
2020,"annexe CHUV, revenus comptes = total d'exploitation",1779117038.86,1779117038.86,1,0
2020,"annexe ECAL, charges budget = total d'exploitation",21199200.0,21199200.0,1,0
2020,"annexe ECAL, charges budget précédent = total d'exploitation",20680400.0,20680400.0,1,0
2020,"annexe ECAL, charges comptes = total d'exploitation",20716188.71,20716188.71,1,0
2020,"annexe ECAL, revenus budget = total d'exploitation",21184100.0,21184100.0,1,0
2020,"annexe ECAL, revenus budget précédent = total d'exploitation",20673300.0,20673300.0,1,0
2020,"annexe ECAL, revenus comptes = total d'exploitation",20994459.18,20994459.18,1,0
2020,"annexe HEIG-VD, charges budget = total d'exploitation",85620700.0,85620700.0,1,0
2020,"annexe HEIG-VD, charges budget précédent = total d'exploitation",84353800.0,84353800.0,1,0
2020,"annexe HEIG-VD, charges comptes = total d'exploitation",83823070.3,83823070.3,1,0
2020,"annexe HEIG-VD, revenus budget = total d'exploitation",85573000.0,85573000.0,1,0
2020,"annexe HEIG-VD, revenus budget précédent = total d'exploitation",84319100.0,84319100.0,1,0
2020,"annexe HEIG-VD, revenus comptes = total d'exploitation",86185180.19,86185180.19,1,0
2020,"annexe HEP, charges budget = total d'exploitation",69399700.0,69399700.0,1,0
2020,"annexe HEP, charges budget précédent = total d'exploitation",61708300.0,61708300.0,1,0
2020,"annexe HEP, charges comptes = total d'exploitation",60475759.42,60475759.42,1,0
2020,"annexe HEP, revenus budget = total d'exploitation",69155700.0,69155700.0,1,0
2020,"annexe HEP, revenus budget précédent = total d'exploitation",61536800.0,61536800.0,1,0
2020,"annexe HEP, revenus comptes = total d'exploitation",61620452.63,61620452.63,1,0
2020,"annexe HESAV, charges budget = total d'exploitation",37278600.0,37278600.0,1,0
2020,"annexe HESAV, charges budget précédent = total d'exploitation",38177500.0,38177500.0,1,0
2020,"annexe HESAV, charges comptes = total d'exploitation",36890041.29,36890041.29,1,0
2020,"annexe HESAV, revenus budget = total d'exploitation",36603200.0,36603200.0,1,0
2020,"annexe HESAV, revenus budget précédent = total d'exploitation",37528600.0,37528600.0,1,0
2020,"annexe HESAV, revenus comptes = total d'exploitation",36337747.18,36337747.18,1,0
2020,"annexe UNIL, charges budget = total d'exploitation",527335734.0,527335734.0,1,0
2020,"annexe UNIL, charges budget précédent = total d'exploitation",517581745.0,517581745.0,1,0
2020,"annexe UNIL, charges comptes = total d'exploitation",517405915.56,517405915.56,1,0
2020,"annexe UNIL, revenus budget = total d'exploitation",517165712.0,517165712.0,1,0
2020,"annexe UNIL, revenus budget précédent = total d'exploitation",506553661.0,506553661.0,1,0
2020,"annexe UNIL, revenus comptes = total d'exploitation",509252212.09,509252212.09,1,0
2021,charges = récapitulation générale,10381891200.0,10381891200.0,1,1
2021,revenus = récapitulation générale,10217651700.0,10217651700.0,1,1
2021,nature 30 = tableau par nature,2597460600.0,2597460600.0,1,1
2021,nature 31 = tableau par nature,739927400.0,739927400.0,1,1
2021,nature 33 = tableau par nature,160915000.0,160915000.0,1,1
2021,nature 34 = tableau par nature,50620800.0,50620800.0,1,1
2021,nature 35 = tableau par nature,20487800.0,20487800.0,1,1
2021,nature 36 = tableau par nature,6182316900.0,6182316900.0,1,1
2021,nature 37 = tableau par nature,627413500.0,627413500.0,1,1
2021,nature 39 = tableau par nature,2749200.0,2749200.0,1,1
2021,nature 40 = tableau par nature,5845000000.0,5845000000.0,1,1
2021,nature 41 = tableau par nature,167342200.0,167342200.0,1,1
2021,nature 42 = tableau par nature,444223800.0,444223800.0,1,1
2021,nature 43 = tableau par nature,198883400.0,198883400.0,1,1
2021,nature 44 = tableau par nature,299939600.0,299939600.0,1,1
2021,nature 45 = tableau par nature,30484000.0,30484000.0,1,1
2021,nature 46 = tableau par nature,2601616000.0,2601616000.0,1,1
2021,nature 47 = tableau par nature,627413500.0,627413500.0,1,1
2021,nature 49 = tableau par nature,2749200.0,2749200.0,1,1
2021,effectifs = Total Etat,18267.6,18267.6,1,1
2021,"investissements, dépenses = total du budget",519628700,519628700.0,1,1
2021,"investissements, recettes = total du budget",41048500,41048500.0,1,1
2021,"investissements, dépenses nettes = total du budget",478580200,478580200.0,1,1
2021,"annexe CHUV, charges budget = total d'exploitation",1815717300.0,1815717300.0,1,0
2021,"annexe CHUV, charges budget précédent = total d'exploitation",1753140500.0,1753140500.0,1,0
2021,"annexe CHUV, charges comptes = total d'exploitation",1758773035.87,1758773035.87,1,0
2021,"annexe CHUV, revenus budget = total d'exploitation",1813660300.0,1813660300.0,1,0
2021,"annexe CHUV, revenus budget précédent = total d'exploitation",1742655600.0,1742655600.0,1,0
2021,"annexe CHUV, revenus comptes = total d'exploitation",1752115856.37,1752115855.02,1,0
2021,"annexe ECAL, charges budget = total d'exploitation",21247400.0,21247400.0,1,0
2021,"annexe ECAL, charges budget précédent = total d'exploitation",21199200.0,21199200.0,1,0
2021,"annexe ECAL, charges comptes = total d'exploitation",21464804.45,21464804.45,1,0
2021,"annexe ECAL, revenus budget = total d'exploitation",21236300.0,21236300.0,1,0
2021,"annexe ECAL, revenus budget précédent = total d'exploitation",21184100.0,21184100.0,1,0
2021,"annexe ECAL, revenus comptes = total d'exploitation",21168702.07,21168702.07,1,0
2021,"annexe HEIG-VD, charges budget = total d'exploitation",83229400.0,83229400.0,1,0
2021,"annexe HEIG-VD, charges budget précédent = total d'exploitation",85620700.0,85620700.0,1,0
2021,"annexe HEIG-VD, charges comptes = total d'exploitation",85320505.59,85320505.59,1,0
2021,"annexe HEIG-VD, revenus budget = total d'exploitation",83167000.0,83167000.0,1,0
2021,"annexe HEIG-VD, revenus budget précédent = total d'exploitation",85573000.0,85573000.0,1,0
2021,"annexe HEIG-VD, revenus comptes = total d'exploitation",87320844.06,87320844.06,1,0
2021,"annexe HEP, charges budget = total d'exploitation",72370800.0,72370800.0,1,0
2021,"annexe HEP, charges budget précédent = total d'exploitation",69399700.0,69399700.0,1,0
2021,"annexe HEP, charges comptes = total d'exploitation",63497162.96,63497162.96,1,0
2021,"annexe HEP, revenus budget = total d'exploitation",72127300.0,72127300.0,1,0
2021,"annexe HEP, revenus budget précédent = total d'exploitation",69155700.0,69155700.0,1,0
2021,"annexe HEP, revenus comptes = total d'exploitation",63582411.54,63582411.54,1,0
2021,"annexe HESAV, charges budget = total d'exploitation",38366300.0,38366300.0,1,0
2021,"annexe HESAV, charges budget précédent = total d'exploitation",37278600.0,37278600.0,1,0
2021,"annexe HESAV, charges comptes = total d'exploitation",37332909.57,37332909.57,1,0
2021,"annexe HESAV, revenus budget = total d'exploitation",37642300.0,37642300.0,1,0
2021,"annexe HESAV, revenus budget précédent = total d'exploitation",36603200.0,36603200.0,1,0
2021,"annexe HESAV, revenus comptes = total d'exploitation",37279513.07,37279513.07,1,0
2021,"annexe UNIL, charges budget = total d'exploitation",538034518.0,538034518.0,1,0
2021,"annexe UNIL, charges budget précédent = total d'exploitation",527335734.0,527335734.0,1,0
2021,"annexe UNIL, charges comptes = total d'exploitation",518623557.71,518623557.71,1,0
2021,"annexe UNIL, revenus budget = total d'exploitation",528774385.0,528774385.0,1,0
2021,"annexe UNIL, revenus budget précédent = total d'exploitation",517165712.0,517165712.0,1,0
2021,"annexe UNIL, revenus comptes = total d'exploitation",521455597.15,521455597.15,1,0
2022,charges = récapitulation générale,10673148100.0,10673148100.0,1,1
2022,revenus = récapitulation générale,10484375600.0,10484375600.0,1,1
2022,nature 30 = tableau par nature,2684390200.0,2684390200.0,1,1
2022,nature 31 = tableau par nature,755688700.0,755688700.0,1,1
2022,nature 33 = tableau par nature,188613600.0,188613600.0,1,1
2022,nature 34 = tableau par nature,47697900.0,47697900.0,1,1
2022,nature 35 = tableau par nature,32628700.0,32628700.0,1,1
2022,nature 36 = tableau par nature,6324089700.0,6324089700.0,1,1
2022,nature 37 = tableau par nature,635683600.0,635683600.0,1,1
2022,nature 39 = tableau par nature,4355700.0,4355700.0,1,1
2022,nature 40 = tableau par nature,6057024900.0,6057024900.0,1,1
2022,nature 41 = tableau par nature,166397200.0,166397200.0,1,1
2022,nature 42 = tableau par nature,482524100.0,482524100.0,1,1
2022,nature 43 = tableau par nature,192261700.0,192261700.0,1,1
2022,nature 44 = tableau par nature,306864000.0,306864000.0,1,1
2022,nature 45 = tableau par nature,48681400.0,48681400.0,1,1
2022,nature 46 = tableau par nature,2590583000.0,2590583000.0,1,1
2022,nature 47 = tableau par nature,635683600.0,635683600.0,1,1
2022,nature 49 = tableau par nature,4355700.0,4355700.0,1,1
2022,effectifs = Total Etat,18761.41,18761.4,1,1
2022,"investissements, dépenses = total du budget",486468300,486468300.0,1,1
2022,"investissements, recettes = total du budget",36608000,36608000.0,1,1
2022,"investissements, dépenses nettes = total du budget",449860300,449860300.0,1,1
2022,"annexe CHUV, charges budget = total d'exploitation",1879954500.0,1879954500.0,1,0
2022,"annexe CHUV, charges budget précédent = total d'exploitation",1815717300.0,1815717300.0,1,0
2022,"annexe CHUV, charges comptes = total d'exploitation",1852688877.16,1852688877.16,1,0
2022,"annexe CHUV, revenus budget = total d'exploitation",1861785500.0,1861785500.0,1,0
2022,"annexe CHUV, revenus budget précédent = total d'exploitation",1813660300.0,1813660300.0,1,0
2022,"annexe CHUV, revenus comptes = total d'exploitation",1828677818.63,1828677818.63,1,0
2022,"annexe ECAL, charges budget = total d'exploitation",21581100.0,21581100.0,1,0
2022,"annexe ECAL, charges budget précédent = total d'exploitation",21247400.0,21247400.0,1,0
2022,"annexe ECAL, charges comptes = total d'exploitation",21658477.57,21658477.57,1,0
2022,"annexe ECAL, revenus budget = total d'exploitation",21577500.0,21577500.0,1,0
2022,"annexe ECAL, revenus budget précédent = total d'exploitation",21236300.0,21236300.0,1,0
2022,"annexe ECAL, revenus comptes = total d'exploitation",21004821.98,21004821.98,1,0
2022,"annexe HEIG-VD, charges budget = total d'exploitation",85104200.0,85104200.0,1,0
2022,"annexe HEIG-VD, charges budget précédent = total d'exploitation",83229400.0,83229400.0,1,0
2022,"annexe HEIG-VD, charges comptes = total d'exploitation",85152061.32,85152061.32,1,0
2022,"annexe HEIG-VD, revenus budget = total d'exploitation",84988500.0,84988500.0,1,0
2022,"annexe HEIG-VD, revenus budget précédent = total d'exploitation",83167000.0,83167000.0,1,0
2022,"annexe HEIG-VD, revenus comptes = total d'exploitation",86410319.87,86410319.87,1,0
2022,"annexe HEP, charges budget = total d'exploitation",76914500.0,76914500.0,1,0
2022,"annexe HEP, charges budget précédent = total d'exploitation",72370800.0,72370800.0,1,0
2022,"annexe HEP, charges comptes = total d'exploitation",64104595.99,64104595.99,1,0
2022,"annexe HEP, revenus budget = total d'exploitation",75472500.0,75472500.0,1,0
2022,"annexe HEP, revenus budget précédent = total d'exploitation",72127300.0,72127300.0,1,0
2022,"annexe HEP, revenus comptes = total d'exploitation",68299736.32,68299736.32,1,0
2022,"annexe HESAV, charges budget = total d'exploitation",38212000.0,38212000.0,1,0
2022,"annexe HESAV, charges budget précédent = total d'exploitation",38366300.0,38366300.0,1,0
2022,"annexe HESAV, charges comptes = total d'exploitation",37700440.32,37700440.32,1,0
2022,"annexe HESAV, revenus budget = total d'exploitation",37320100.0,37320100.0,1,0
2022,"annexe HESAV, revenus budget précédent = total d'exploitation",37642300.0,37642300.0,1,0
2022,"annexe HESAV, revenus comptes = total d'exploitation",38348120.53,38348120.53,1,0
2022,"annexe UNIL, charges budget = total d'exploitation",552139521.0,552139521.0,1,0
2022,"annexe UNIL, charges budget précédent = total d'exploitation",538034518.0,538034518.0,1,0
2022,"annexe UNIL, charges comptes = total d'exploitation",523084396.0,523084396.0,1,0
2022,"annexe UNIL, revenus budget = total d'exploitation",544035817.0,544035817.0,1,0
2022,"annexe UNIL, revenus budget précédent = total d'exploitation",528774385.0,528774385.0,1,0
2022,"annexe UNIL, revenus comptes = total d'exploitation",530107137.32,530107137.32,1,0
2023,charges = récapitulation générale,11079764100.0,11079764100.0,1,1
2023,revenus = récapitulation générale,10850145100.0,10850145100.0,1,1
2023,nature 30 = tableau par nature,2780493200.0,2780493200.0,1,1
2023,nature 31 = tableau par nature,762133100.0,762133100.0,1,1
2023,nature 33 = tableau par nature,217926500.0,217926500.0,1,1
2023,nature 34 = tableau par nature,19482000.0,19482000.0,1,1
2023,nature 35 = tableau par nature,36159700.0,36159700.0,1,1
2023,nature 36 = tableau par nature,6624961500.0,6624961500.0,1,1
2023,nature 37 = tableau par nature,633591100.0,633591100.0,1,1
2023,nature 39 = tableau par nature,5017000.0,5017000.0,1,1
2023,nature 40 = tableau par nature,6352674000.0,6352674000.0,1,1
2023,nature 41 = tableau par nature,229321700.0,229321700.0,1,1
2023,nature 42 = tableau par nature,453804800.0,453804800.0,1,1
2023,nature 43 = tableau par nature,186940000.0,186940000.0,1,1
2023,nature 44 = tableau par nature,314366400.0,314366400.0,1,1
2023,nature 45 = tableau par nature,60190300.0,60190300.0,1,1
2023,nature 46 = tableau par nature,2614239800.0,2614239800.0,1,1
2023,nature 47 = tableau par nature,633591100.0,633591100.0,1,1
2023,nature 49 = tableau par nature,5017000.0,5017000.0,1,1
2023,effectifs = Total Etat,19185.84,19185.84,1,1
2023,"investissements, dépenses = total du budget",587323600,587323600.0,1,1
2023,"investissements, recettes = total du budget",49653900,49653900.0,1,1
2023,"investissements, dépenses nettes = total du budget",537669700,537669700.0,1,1
2023,"annexe CHUV, charges budget = total d'exploitation",1935507100.0,1935507100.0,1,0
2023,"annexe CHUV, charges budget précédent = total d'exploitation",1879954500.0,1879954500.0,1,0
2023,"annexe CHUV, charges comptes = total d'exploitation",1928678762.37,1928678762.37,1,0
2023,"annexe CHUV, revenus budget = total d'exploitation",1914304100.0,1914304100.0,1,0
2023,"annexe CHUV, revenus budget précédent = total d'exploitation",1861785500.0,1861785500.0,1,0
2023,"annexe CHUV, revenus comptes = total d'exploitation",1916022343.12,1916022343.12,1,0
2023,"annexe ECAL, charges budget = total d'exploitation",22059500.0,22059500.0,1,0
2023,"annexe ECAL, charges budget précédent = total d'exploitation",21581100.0,21581100.0,1,0
2023,"annexe ECAL, charges comptes = total d'exploitation",20924213.84,20924213.84,1,0
2023,"annexe ECAL, revenus budget = total d'exploitation",22062600.0,22062600.0,1,0
2023,"annexe ECAL, revenus budget précédent = total d'exploitation",21577500.0,21577500.0,1,0
2023,"annexe ECAL, revenus comptes = total d'exploitation",21485041.37,21485041.37,1,0
2023,"annexe HEIG-VD, charges budget = total d'exploitation",87471100.0,87471100.0,1,0
2023,"annexe HEIG-VD, charges budget précédent = total d'exploitation",85104200.0,85104200.0,1,0
2023,"annexe HEIG-VD, charges comptes = total d'exploitation",86135423.34,86135423.34,1,0
2023,"annexe HEIG-VD, revenus budget = total d'exploitation",87354400.0,87354400.0,1,0
2023,"annexe HEIG-VD, revenus budget précédent = total d'exploitation",84988500.0,84988500.0,1,0
2023,"annexe HEIG-VD, revenus comptes = total d'exploitation",87364919.18,87364919.18,1,0
2023,"annexe HEP, charges budget = total d'exploitation",78992800.0,78992800.0,1,0
2023,"annexe HEP, charges budget précédent = total d'exploitation",76914500.0,76914500.0,1,0
2023,"annexe HEP, charges comptes = total d'exploitation",71141412.91,71141412.91,1,0
2023,"annexe HEP, revenus budget = total d'exploitation",78099800.0,78099800.0,1,0
2023,"annexe HEP, revenus budget précédent = total d'exploitation",75472500.0,75472500.0,1,0
2023,"annexe HEP, revenus comptes = total d'exploitation",72662737.06,72662737.06,1,0
2023,"annexe HESAV, charges budget = total d'exploitation",39130000.0,39130000.0,1,0
2023,"annexe HESAV, charges budget précédent = total d'exploitation",38212000.0,38212000.0,1,0
2023,"annexe HESAV, charges comptes = total d'exploitation",39192707.55,39192707.55,1,0
2023,"annexe HESAV, revenus budget = total d'exploitation",38600000.0,38600000.0,1,0
2023,"annexe HESAV, revenus budget précédent = total d'exploitation",37320100.0,37320100.0,1,0
2023,"annexe HESAV, revenus comptes = total d'exploitation",37901532.64,37901532.64,1,0
2023,"annexe UNIL, charges budget = total d'exploitation",572129570.0,572129570.0,1,0
2023,"annexe UNIL, charges budget précédent = total d'exploitation",552139521.0,552139521.0,1,0
2023,"annexe UNIL, charges comptes = total d'exploitation",541593236.99,541593236.99,1,0
2023,"annexe UNIL, revenus budget = total d'exploitation",556991357.0,556991357.0,1,0
2023,"annexe UNIL, revenus budget précédent = total d'exploitation",544035817.0,544035817.0,1,0
2023,"annexe UNIL, revenus comptes = total d'exploitation",541236618.94,541236618.94,1,0
2024,charges = récapitulation générale,11627088600.0,11627088600.0,1,1
2024,revenus = récapitulation générale,11378256900.0,11378256900.0,1,1
2024,nature 30 = tableau par nature,2883898300.0,2883898300.0,1,1
2024,nature 31 = tableau par nature,788308300.0,788308300.0,1,1
2024,nature 33 = tableau par nature,231893500.0,231893500.0,1,1
2024,nature 34 = tableau par nature,15830500.0,15830500.0,1,1
2024,nature 35 = tableau par nature,29336000.0,29336000.0,1,1
2024,nature 36 = tableau par nature,7019642200.0,7019642200.0,1,1
2024,nature 37 = tableau par nature,653848500.0,653848500.0,1,1
2024,nature 39 = tableau par nature,4331300.0,4331300.0,1,1
2024,nature 40 = tableau par nature,6540410000.0,6540410000.0,1,1
2024,nature 41 = tableau par nature,167360800.0,167360800.0,1,1
2024,nature 42 = tableau par nature,475910500.0,475910500.0,1,1
2024,nature 43 = tableau par nature,426533900.0,426533900.0,1,1
2024,nature 44 = tableau par nature,364061800.0,364061800.0,1,1
2024,nature 45 = tableau par nature,72341900.0,72341900.0,1,1
2024,nature 46 = tableau par nature,2673458200.0,2673458200.0,1,1
2024,nature 47 = tableau par nature,653848500.0,653848500.0,1,1
2024,nature 49 = tableau par nature,4331300.0,4331300.0,1,1
2024,effectifs = Total Etat,19657.39,19657.39,1,1
2024,"investissements, dépenses = total du budget",599256934,599256934.0,1,1
2024,"investissements, recettes = total du budget",41038200,41038200.0,1,1
2024,"investissements, dépenses nettes = total du budget",558218734,558218734.0,1,1
2024,"annexe CHUV, charges budget = total d'exploitation",2059270000.0,2059270000.0,1,0
2024,"annexe CHUV, charges budget précédent = total d'exploitation",1935507200.0,1935507100.0,0,0
2024,"annexe CHUV, charges comptes = total d'exploitation",1944367207.71,1944367207.71,1,0
2024,"annexe CHUV, revenus budget = total d'exploitation",2035418200.0,2035418200.0,1,0
2024,"annexe CHUV, revenus budget précédent = total d'exploitation",1914304100.0,1914304100.0,1,0
2024,"annexe CHUV, revenus comptes = total d'exploitation",1910641958.24,1910641958.24,1,0
2024,"annexe ECAL, charges budget = total d'exploitation",22724200.0,22724200.0,1,0
2024,"annexe ECAL, charges budget précédent = total d'exploitation",22059500.0,22059500.0,1,0
2024,"annexe ECAL, charges comptes = total d'exploitation",22021194.66,22021194.66,1,0
2024,"annexe ECAL, revenus budget = total d'exploitation",22724200.0,22724200.0,1,0
2024,"annexe ECAL, revenus budget précédent = total d'exploitation",22062600.0,22062600.0,1,0
2024,"annexe ECAL, revenus comptes = total d'exploitation",21646396.71,21646396.71,1,0
2024,"annexe HEIG-VD, charges budget = total d'exploitation",89562700.0,89562700.0,1,0
2024,"annexe HEIG-VD, charges budget précédent = total d'exploitation",87471100.0,87471100.0,1,0
2024,"annexe HEIG-VD, charges comptes = total d'exploitation",87699362.4,87699362.4,1,0
2024,"annexe HEIG-VD, revenus budget = total d'exploitation",88896100.0,88896100.0,1,0
2024,"annexe HEIG-VD, revenus budget précédent = total d'exploitation",87354400.0,87354400.0,1,0
2024,"annexe HEIG-VD, revenus comptes = total d'exploitation",88049264.82,88049264.82,1,0
2024,"annexe HEP, charges budget = total d'exploitation",82303300.0,82303300.0,1,0
2024,"annexe HEP, charges budget précédent = total d'exploitation",78992800.0,78992800.0,1,0
2024,"annexe HEP, charges comptes = total d'exploitation",77074885.65,77074885.65,1,0
2024,"annexe HEP, revenus budget = total d'exploitation",81980300.0,81980300.0,1,0
2024,"annexe HEP, revenus budget précédent = total d'exploitation",78099800.0,78099800.0,1,0
2024,"annexe HEP, revenus comptes = total d'exploitation",74560152.51,74560152.51,1,0
2024,"annexe HESAV, charges budget = total d'exploitation",41476000.0,41476000.0,1,0
2024,"annexe HESAV, charges budget précédent = total d'exploitation",39130000.0,39130000.0,1,0
2024,"annexe HESAV, charges comptes = total d'exploitation",39069348.54,39069348.54,1,0
2024,"annexe HESAV, revenus budget = total d'exploitation",40917000.0,40917000.0,1,0
2024,"annexe HESAV, revenus budget précédent = total d'exploitation",38600000.0,38600000.0,1,0
2024,"annexe HESAV, revenus comptes = total d'exploitation",38360003.32,38360003.32,1,0
2024,"annexe UNIL, charges budget = total d'exploitation",581962468.0,581962466.0,1,0
2024,"annexe UNIL, charges budget précédent = total d'exploitation",572129570.0,572129570.0,1,0
2024,"annexe UNIL, charges comptes = total d'exploitation",555547272.56,555547272.56,1,0
2024,"annexe UNIL, revenus budget = total d'exploitation",571933478.0,571933478.0,1,0
2024,"annexe UNIL, revenus budget précédent = total d'exploitation",556991357.0,556991357.0,1,0
2024,"annexe UNIL, revenus comptes = total d'exploitation",550945821.67,550945821.67,1,0
2025,charges = récapitulation générale,12235081400.0,12235081400.0,1,1
2025,revenus = récapitulation générale,11659684600.0,11659684600.0,1,1
2025,nature 30 = tableau par nature,2965199600.0,2965199600.0,1,1
2025,nature 31 = tableau par nature,807380600.0,807380600.0,1,1
2025,nature 33 = tableau par nature,275174900.0,275174900.0,1,1
2025,nature 34 = tableau par nature,15645600.0,15645600.0,1,1
2025,nature 35 = tableau par nature,34081500.0,34081500.0,1,1
2025,nature 36 = tableau par nature,7449075400.0,7449075400.0,1,1
2025,nature 37 = tableau par nature,682970200.0,682970200.0,1,1
2025,nature 39 = tableau par nature,5553600.0,5553600.0,1,1
2025,nature 40 = tableau par nature,6983006000.0,6983006000.0,1,1
2025,nature 41 = tableau par nature,150527000.0,150527000.0,1,1
2025,nature 42 = tableau par nature,455255300.0,455255300.0,1,1
2025,nature 43 = tableau par nature,67120600.0,67120600.0,1,1
2025,nature 44 = tableau par nature,439947800.0,439947800.0,1,1
2025,nature 45 = tableau par nature,73057200.0,73057200.0,1,1
2025,nature 46 = tableau par nature,2802246900.0,2802246900.0,1,1
2025,nature 47 = tableau par nature,682970200.0,682970200.0,1,1
2025,nature 49 = tableau par nature,5553600.0,5553600.0,1,1
2025,effectifs = Total Etat,20005.62,20005.62,1,1
2025,"investissements, dépenses = total du budget",615288200,615288200.0,1,1
2025,"investissements, recettes = total du budget",38001000,38001000.0,1,1
2025,"investissements, dépenses nettes = total du budget",577287200,577287200.0,1,1
2025,"annexe CHUV, charges budget = total d'exploitation",2135765100.0,2135765100.0,1,0
2025,"annexe CHUV, charges budget précédent = total d'exploitation",2059270000.0,2059270000.0,1,0
2025,"annexe CHUV, charges comptes = total d'exploitation",2012587066.3,2012587066.3,1,0
2025,"annexe CHUV, revenus budget = total d'exploitation",2115930700.0,2115930700.0,1,0
2025,"annexe CHUV, revenus budget précédent = total d'exploitation",2035418200.0,2035418200.0,1,0
2025,"annexe CHUV, revenus comptes = total d'exploitation",2014934610.0,2014934610.0,1,0
2025,"annexe ECAL, charges budget = total d'exploitation",23565400.0,23565400.0,1,0
2025,"annexe ECAL, charges budget précédent = total d'exploitation",22724200.0,22724200.0,1,0
2025,"annexe ECAL, charges comptes = total d'exploitation",22539860.98,22539860.98,1,0
2025,"annexe ECAL, revenus budget = total d'exploitation",23565400.0,23565400.0,1,0
2025,"annexe ECAL, revenus budget précédent = total d'exploitation",22724200.0,22724200.0,1,0
2025,"annexe ECAL, revenus comptes = total d'exploitation",22971377.89,22971377.89,1,0
2025,"annexe HEIG-VD, charges budget = total d'exploitation",90628300.0,90628300.0,1,0
2025,"annexe HEIG-VD, charges budget précédent = total d'exploitation",89562700.0,89562700.0,1,0
2025,"annexe HEIG-VD, charges comptes = total d'exploitation",88989981.63,88989981.63,1,0
2025,"annexe HEIG-VD, revenus budget = total d'exploitation",90520600.0,90520600.0,1,0
2025,"annexe HEIG-VD, revenus budget précédent = total d'exploitation",88896100.0,88896100.0,1,0
2025,"annexe HEIG-VD, revenus comptes = total d'exploitation",89980123.9,89980123.9,1,0
2025,"annexe HEP, charges budget = total d'exploitation",87400300.0,87400300.0,1,0
2025,"annexe HEP, charges budget précédent = total d'exploitation",81853300.0,81853300.0,1,0
2025,"annexe HEP, charges comptes = total d'exploitation",80461868.33,80461868.33,1,0
2025,"annexe HEP, revenus budget = total d'exploitation",87207300.0,87207300.0,1,0
2025,"annexe HEP, revenus budget précédent = total d'exploitation",81530300.0,81530300.0,1,0
2025,"annexe HEP, revenus comptes = total d'exploitation",80546320.83,80546320.83,1,0
2025,"annexe HESAV, charges budget = total d'exploitation",44228500.0,44228500.0,1,0
2025,"annexe HESAV, charges budget précédent = total d'exploitation",41476000.0,41476000.0,1,0
2025,"annexe HESAV, charges comptes = total d'exploitation",39851819.82,39851819.82,1,0
2025,"annexe HESAV, revenus budget = total d'exploitation",43596200.0,43596200.0,1,0
2025,"annexe HESAV, revenus budget précédent = total d'exploitation",40917000.0,40917000.0,1,0
2025,"annexe HESAV, revenus comptes = total d'exploitation",39499030.73,39499030.73,1,0
2025,"annexe UNIL, charges budget = total d'exploitation",584926729.0,584926729.0,1,0
2025,"annexe UNIL, charges budget précédent = total d'exploitation",581962468.0,581962466.0,1,0
2025,"annexe UNIL, charges comptes = total d'exploitation",577256766.78,577256766.78,1,0
2025,"annexe UNIL, revenus budget = total d'exploitation",576978891.0,576978891.0,1,0
2025,"annexe UNIL, revenus budget précédent = total d'exploitation",571933478.0,571933478.0,1,0
2025,"annexe UNIL, revenus comptes = total d'exploitation",567950637.71,567950637.71,1,0
2026,charges = récapitulation générale,12738458000.0,12738458000.0,1,1
2026,revenus = récapitulation générale,11948526500.0,11948526500.0,1,1
2026,nature 30 = tableau par nature,3033479600.0,3033479600.0,1,1
2026,nature 31 = tableau par nature,816444100.0,816444100.0,1,1
2026,nature 33 = tableau par nature,298674400.0,298674400.0,1,1
2026,nature 34 = tableau par nature,17595100.0,17595100.0,1,1
2026,nature 35 = tableau par nature,36430600.0,36430600.0,1,1
2026,nature 36 = tableau par nature,7836603100.0,7836603100.0,1,1
2026,nature 37 = tableau par nature,692424500.0,692424500.0,1,1
2026,nature 39 = tableau par nature,6806600.0,6806600.0,1,1
2026,nature 40 = tableau par nature,7177218000.0,7177218000.0,1,1
2026,nature 41 = tableau par nature,107369000.0,107369000.0,1,1
2026,nature 42 = tableau par nature,464526500.0,464526500.0,1,1
2026,nature 43 = tableau par nature,71167300.0,71167300.0,1,1
2026,nature 44 = tableau par nature,380972700.0,380972700.0,1,1
2026,nature 45 = tableau par nature,74664100.0,74664100.0,1,1
2026,nature 46 = tableau par nature,2973377800.0,2973377800.0,1,1
2026,nature 47 = tableau par nature,692424500.0,692424500.0,1,1
2026,nature 49 = tableau par nature,6806600.0,6806600.0,1,1
2026,effectifs = Total Etat,20352.8,20352.8,1,1
2026,"investissements, dépenses = total du budget",622184000,622184000.0,1,1
2026,"investissements, recettes = total du budget",63960000,63960000.0,1,1
2026,"investissements, dépenses nettes = total du budget",558224000,558224000.0,1,1
2026,"annexe CHUV, charges budget = total d'exploitation",2157334700.0,2157334700.0,1,0
2026,"annexe CHUV, charges budget précédent = total d'exploitation",2135765100.0,2135765100.0,1,0
2026,"annexe CHUV, charges comptes = total d'exploitation",2097709047.0,2097709043.0,1,0
2026,"annexe CHUV, revenus budget = total d'exploitation",2142455900.0,2142455900.0,1,0
2026,"annexe CHUV, revenus budget précédent = total d'exploitation",2115930700.0,2115930700.0,1,0
2026,"annexe CHUV, revenus comptes = total d'exploitation",2098562855.0,2098562854.0,1,0
2026,"annexe ECAL, charges budget = total d'exploitation",24218700.0,24218700.0,1,0
2026,"annexe ECAL, charges budget précédent = total d'exploitation",23565400.0,23565400.0,1,0
2026,"annexe ECAL, charges comptes = total d'exploitation",23164674.37,23164674.37,1,0
2026,"annexe ECAL, revenus budget = total d'exploitation",24217200.0,24217200.0,1,0
2026,"annexe ECAL, revenus budget précédent = total d'exploitation",23565400.0,23565400.0,1,0
2026,"annexe ECAL, revenus comptes = total d'exploitation",23437618.49,23437618.49,1,0
2026,"annexe HEIG-VD, charges budget = total d'exploitation",91249400.0,91249400.0,1,0
2026,"annexe HEIG-VD, charges budget précédent = total d'exploitation",90628300.0,90628300.0,1,0
2026,"annexe HEIG-VD, charges comptes = total d'exploitation",91085183.5,91085183.5,1,0
2026,"annexe HEIG-VD, revenus budget = total d'exploitation",91007100.0,91007100.0,1,0
2026,"annexe HEIG-VD, revenus budget précédent = total d'exploitation",90520600.0,90520600.0,1,0
2026,"annexe HEIG-VD, revenus comptes = total d'exploitation",93333218.53,93333218.53,1,0
2026,"annexe HEP, charges budget = total d'exploitation",89360300.0,89360300.0,1,0
2026,"annexe HEP, charges budget précédent = total d'exploitation",87400300.0,87400300.0,1,0
2026,"annexe HEP, charges comptes = total d'exploitation",85667491.58,85667491.58,1,0
2026,"annexe HEP, revenus budget = total d'exploitation",89360300.0,89360300.0,1,0
2026,"annexe HEP, revenus budget précédent = total d'exploitation",87236940.1,87207300.0,0,0
2026,"annexe HEP, revenus comptes = total d'exploitation",83849028.85,83878668.95,0,0
2026,"annexe HESAV, charges budget = total d'exploitation",51758900.0,51758900.0,1,0
2026,"annexe HESAV, charges budget précédent = total d'exploitation",44228500.0,44228500.0,1,0
2026,"annexe HESAV, charges comptes = total d'exploitation",42068301.9,42068301.9,1,0
2026,"annexe HESAV, revenus budget = total d'exploitation",51167100.0,51167100.0,1,0
2026,"annexe HESAV, revenus budget précédent = total d'exploitation",43596200.0,43596200.0,1,0
2026,"annexe HESAV, revenus comptes = total d'exploitation",41851992.31,41851992.31,1,0
2026,"annexe UNIL, charges budget = total d'exploitation",582722480.0,582722479.0,1,0
2026,"annexe UNIL, charges budget précédent = total d'exploitation",584926729.0,584926729.0,1,0
2026,"annexe UNIL, charges comptes = total d'exploitation",591478658.05,591478658.05,1,0
2026,"annexe UNIL, revenus budget = total d'exploitation",560023841.0,560023841.0,1,0
2026,"annexe UNIL, revenus budget précédent = total d'exploitation",576978891.0,576978891.0,1,0
2026,"annexe UNIL, revenus comptes = total d'exploitation",579107960.89,579107960.89,1,0
2027,charges = récapitulation générale,13215067300.0,13215067300.0,1,1
2027,revenus = récapitulation générale,12858579700.0,12858579700.0,1,1
2027,nature 30 = tableau par nature,3110622200.0,3110622200.0,1,1
2027,nature 31 = tableau par nature,846660900.0,846660900.0,1,1
2027,nature 33 = tableau par nature,317468700.0,317468700.0,1,1
2027,nature 34 = tableau par nature,17798800.0,17798800.0,1,1
2027,nature 35 = tableau par nature,44429300.0,44429300.0,1,1
2027,nature 36 = tableau par nature,8176283000.0,8176283000.0,1,1
2027,nature 37 = tableau par nature,694900300.0,694900300.0,1,1
2027,nature 39 = tableau par nature,6904100.0,6904100.0,1,1
2027,nature 40 = tableau par nature,7488044600.0,7488044600.0,1,1
2027,nature 41 = tableau par nature,109352000.0,109352000.0,1,1
2027,nature 42 = tableau par nature,477613400.0,477613400.0,1,1
2027,nature 43 = tableau par nature,77102800.0,77102800.0,1,1
2027,nature 44 = tableau par nature,381746600.0,381746600.0,1,1
2027,nature 45 = tableau par nature,81729700.0,81729700.0,1,1
2027,nature 46 = tableau par nature,3101172600.0,3101172600.0,1,1
2027,nature 47 = tableau par nature,694900300.0,694900300.0,1,1
2027,nature 48 = tableau par nature,440013600.0,440013600.0,1,1
2027,nature 49 = tableau par nature,6904100.0,6904100.0,1,1
2027,effectifs = Total Etat,20731.03,20731.03,1,1
2027,"investissements, dépenses = total du budget",661960000,661960000.0,1,1
2027,"investissements, recettes = total du budget",42136000,42136000.0,1,1
2027,"investissements, dépenses nettes = total du budget",619824000,619824000.0,1,1
2027,"annexe CHUV, charges budget = total d'exploitation",2163040400.0,2163040400.0,1,0
2027,"annexe CHUV, charges budget précédent = total d'exploitation",2157334700.0,2157334700.0,1,0
2027,"annexe CHUV, charges comptes = total d'exploitation",2154843250.0,2154843251.0,1,0
2027,"annexe CHUV, revenus budget = total d'exploitation",2151259000.0,2151259000.0,1,0
2027,"annexe CHUV, revenus budget précédent = total d'exploitation",2142455900.0,2142455900.0,1,0
2027,"annexe CHUV, revenus comptes = total d'exploitation",2152273325.0,2152273327.0,1,0
2027,"annexe ECAL, charges budget = total d'exploitation",24312153.0,24312153.0,1,0
2027,"annexe ECAL, charges budget précédent = total d'exploitation",24218700.0,24218700.0,1,0
2027,"annexe ECAL, charges comptes = total d'exploitation",24006438.67,24006438.67,1,0
2027,"annexe ECAL, revenus budget = total d'exploitation",24160653.0,24160653.0,1,0
2027,"annexe ECAL, revenus budget précédent = total d'exploitation",24217200.0,24217200.0,1,0
2027,"annexe ECAL, revenus comptes = total d'exploitation",24034010.32,24034010.32,1,0
2027,"annexe HEIG-VD, charges budget = total d'exploitation",93557600.0,93557600.0,1,0
2027,"annexe HEIG-VD, charges budget précédent = total d'exploitation",91249400.0,91249400.0,1,0
2027,"annexe HEIG-VD, charges comptes = total d'exploitation",91873170.66,91873170.66,1,0
2027,"annexe HEIG-VD, revenus budget = total d'exploitation",93307100.0,93307100.0,1,0
2027,"annexe HEIG-VD, revenus budget précédent = total d'exploitation",91007100.0,91007100.0,1,0
2027,"annexe HEIG-VD, revenus comptes = total d'exploitation",94070732.26,94070732.26,1,0
2027,"annexe HEP, charges budget = total d'exploitation",92698300.0,92698300.0,1,0
2027,"annexe HEP, charges budget précédent = total d'exploitation",89360300.0,89360300.0,1,0
2027,"annexe HEP, charges comptes = total d'exploitation",87260533.55,87260533.55,1,0
2027,"annexe HEP, revenus budget = total d'exploitation",92014300.0,92014300.0,1,0
2027,"annexe HEP, revenus budget précédent = total d'exploitation",89360300.0,89360300.0,1,0
2027,"annexe HEP, revenus comptes = total d'exploitation",87517691.86,87517691.86,1,0
2027,"annexe HESAV, charges budget = total d'exploitation",61533600.0,61533600.0,1,0
2027,"annexe HESAV, charges budget précédent = total d'exploitation",51758900.0,51758900.0,1,0
2027,"annexe HESAV, charges comptes = total d'exploitation",46145380.5,46145380.5,1,0
2027,"annexe HESAV, revenus budget = total d'exploitation",61193600.0,61193600.0,1,0
2027,"annexe HESAV, revenus budget précédent = total d'exploitation",51167100.0,51167100.0,1,0
2027,"annexe HESAV, revenus comptes = total d'exploitation",45793536.88,45793536.88,1,0
2027,"annexe UNIL, charges budget = total d'exploitation",638992291.0,638992290.0,1,0
2027,"annexe UNIL, charges budget précédent = total d'exploitation",582722480.0,582722479.0,1,0
2027,"annexe UNIL, charges comptes = total d'exploitation",590128571.13,590128571.13,1,0
2027,"annexe UNIL, revenus budget = total d'exploitation",620537592.0,620537592.0,1,0
2027,"annexe UNIL, revenus budget précédent = total d'exploitation",560023841.0,560023841.0,1,0
2027,"annexe UNIL, revenus comptes = total d'exploitation",579601857.16,579601857.16,1,0
