service,annee,etp
001,2019,25.2
001,2020,27.2
001,2021,20.15
001,2022,20.95
001,2023,31.25
001,2024,21.35
001,2025,21.35
001,2026,21.35
001,2027,21.35
002,2019,1203.8
002,2020,1204.7
002,2021,1183.4
002,2022,1188.2
002,2023,1208.4
002,2024,1218.4
002,2025,1230.4
002,2026,1245.7
002,2027,1254.6
003,2019,217.4
003,2020,217.4
003,2021,217.4
003,2022,219.2
003,2023,221.2
003,2024,221.4
003,2025,222.4
003,2026,225.4
003,2027,225.4
004,2019,85.95
004,2020,85.15
004,2021,85.15
004,2022,86.15
004,2023,92.15
004,2024,97.15
004,2025,101.85
004,2026,102.85
004,2027,103.65
005,2019,279.53
005,2020,281.83
005,2021,285.83
005,2022,291.13
005,2023,297.23
005,2024,304.23
005,2025,309.19
005,2026,316.99
005,2027,321.09
010,2019,49.19
010,2020,47.76
010,2021,47.76
010,2022,48.86
010,2023,47.66
010,2024,47.31
010,2025,47.31
010,2026,47.31
010,2027,47.31
011,2019,96.17
011,2020,96.7
011,2021,96.32
011,2022,95.3
011,2023,112.1
011,2024,111.99
011,2025,113.89
011,2026,116.39
011,2027,112.79
012,2019,7655.08
012,2020,7804.54
012,2021,7957.95
012,2022,8098.3
012,2023,8197.32
012,2024,8389.74
012,2025,8542.32
012,2026,8780.62
012,2027,9025.35
013,2019,181.85
013,2020,199.35
013,2021,210.7
013,2022,227.9
013,2023,251.3
013,2024,275.65
013,2025,291.3
013,2026,293.55
013,2027,300.95
014,2019,2546.22
014,2020,2576.4
014,2021,2674.99
014,2022,2768.8
014,2023,2856.78
014,2024,2915.13
014,2025,2961.47
014,2026,2983.65
014,2027,3007.75
015,2019,18.6
015,2020,18.6
015,2021,18.6
015,2022,18.6
015,2023,18.6
015,2024,18.6
015,2025,18.6
015,2026,18.6
015,2027,18.6
017,2019,201.85
017,2020,204.45
017,2021,189.85
017,2022,193.45
017,2023,196.45
017,2024,198.45
017,2025,202.15
017,2026,203.15
017,2027,204.15
018,2019,179.1
018,2020,181.3
018,2021,183.9
018,2022,194.82
018,2023,200.12
018,2024,212.82
018,2025,218.82
018,2026,221.12
018,2027,222.12
020,2019,17.9
020,2020,17.9
020,2021,16.0
020,2022,16.2
020,2023,14.4
020,2024,14.8
020,2025,15.8
020,2026,15.8
020,2027,16.6
021,2019,33.85
021,2020,33.85
022,2019,124.9
022,2020,132.7
022,2021,146.1
022,2022,219.1
022,2023,245.6
022,2024,252.6
022,2025,262.6
022,2026,265.6
022,2027,269.4
023,2019,173.2
023,2020,176.2
023,2021,177.2
023,2022,183.7
023,2023,186.7
023,2024,190.2
023,2025,198.9
023,2026,202.5
023,2027,209.3
024,2019,597.69
024,2020,603.94
024,2021,609.44
024,2022,621.94
024,2023,628.44
024,2024,642.24
024,2025,650.54
024,2026,659.54
024,2027,678.44
025,2019,75.15
025,2020,76.15
026,2019,175.1
026,2020,177.6
026,2021,180.6
026,2022,186.7
026,2023,192.7
026,2024,203.9
026,2025,209.3
026,2026,217.6
026,2027,226.8
027,2019,34.6
027,2020,31.95
027,2021,33.15
027,2022,36.55
027,2023,40.45
027,2024,40.45
027,2025,40.35
027,2026,40.35
027,2027,30.05
037,2019,69.22
037,2020,69.22
037,2021,77.72
037,2022,80.02
037,2023,89.0
037,2024,94.9
037,2025,112.85
037,2026,121.6
037,2027,140.7
039,2019,14.6
039,2020,15.4
039,2021,15.4
039,2022,15.4
039,2023,22.45
039,2024,23.15
039,2025,23.35
039,2026,23.65
039,2027,23.65
040,2019,46.6
040,2020,47.6
040,2021,47.6
040,2022,47.6
040,2023,47.6
040,2024,47.6
040,2025,47.6
040,2026,47.6
040,2027,47.6
041,2019,134.09
041,2020,134.09
041,2021,137.19
041,2022,137.19
041,2023,137.99
041,2024,144.93
041,2025,149.53
041,2026,149.53
041,2027,151.33
042,2019,18.8
042,2020,19.8
042,2021,19.8
042,2022,19.8
042,2023,20.3
042,2024,21.3
042,2025,21.3
042,2026,21.5
042,2027,21.5
043,2019,63.65
043,2020,60.65
043,2021,109.57
043,2022,109.57
043,2023,115.37
043,2024,121.67
043,2025,128.87
043,2026,131.07
043,2027,131.57
044,2019,80.4
044,2020,81.4
044,2021,81.4
044,2022,82.6
044,2023,82.6
044,2024,85.4
044,2025,90.7
044,2026,38.4
044,2027,40.8
045,2019,113.02
045,2020,115.82
045,2021,87.15
045,2022,91.1
045,2023,90.65
045,2024,93.6
045,2025,29.4
045,2026,22.5
045,2027,22.5
046,2019,505.05
046,2020,507.8
046,2021,510.55
046,2022,515.8
046,2023,521.2
046,2024,527.8
046,2025,527.8
046,2026,528.8
046,2027,529.1
047,2019,384.5
047,2020,392.0
047,2021,418.75
047,2022,435.75
047,2023,444.75
047,2024,442.75
047,2025,443.75
047,2026,441.75
047,2027,444.25
048,2019,238.47
048,2020,239.61
048,2021,246.56
048,2022,252.11
048,2023,259.11
048,2024,275.96
048,2025,275.96
048,2026,279.96
048,2027,285.96
050,2019,53.0
050,2020,53.0
050,2021,56.0
050,2022,58.0
050,2023,58.3
050,2024,62.3
050,2025,65.8
050,2026,66.8
050,2027,67.4
051,2019,43.15
051,2020,43.5
051,2021,43.5
051,2022,42.1
051,2023,36.4
051,2024,44.8
051,2025,44.3
051,2026,106.9
051,2027,104.5
052,2019,739.8
052,2020,749.8
052,2021,759.8
052,2022,777.8
052,2023,20.9
052,2024,793.8
052,2025,806.8
052,2026,806.8
052,2027,807.8
053,2019,20.9
053,2020,20.9
053,2021,20.9
053,2022,20.9
053,2023,787.8
053,2024,20.9
053,2025,20.9
053,2026,20.9
053,2027,20.9
054,2019,59.55
054,2020,59.55
054,2021,60.3
054,2022,67.3
054,2023,81.4
054,2024,91.0
054,2025,129.95
054,2026,129.65
054,2027,130.65
056,2019,20.5
056,2020,20.5
056,2021,19.5
056,2022,19.5
056,2023,19.5
056,2024,19.5
056,2025,19.5
056,2026,19.5
056,2027,19.5
057,2019,815.07
057,2020,814.07
057,2021,818.57
057,2022,838.77
057,2023,865.92
057,2024,881.57
057,2025,884.57
057,2026,885.57
057,2027,898.47
058,2019,17.8
058,2020,17.8
058,2021,17.8
058,2022,17.8
058,2023,18.8
058,2024,18.8
058,2025,19.3
058,2026,19.3
058,2027,20.3
059,2019,11.0
059,2020,11.0
059,2021,11.0
059,2022,11.0
059,2023,11.0
059,2024,11.0
059,2025,11.0
059,2026,11.0
059,2027,11.0
065,2019,220.65
065,2020,248.7
065,2021,271.6
065,2022,303.0
065,2023,313.5
065,2024,353.6
065,2025,362.1
065,2026,369.3
065,2027,381.6
068,2020,102.15
068,2021,102.45
068,2022,102.45
068,2023,102.45
068,2024,103.45
068,2025,104.45
068,2026,104.45
068,2027,105.45
069,2023,0.0
069,2024,1.2
069,2025,1.3
069,2026,1.3
069,2027,1.3
070,2024,24.95
070,2025,26.0
070,2026,26.9
070,2027,27.5
