annee_budget,service,mesure,rubrique,montant
2026,001,Pérennisation de mesures LAFin,3030,27700.0
2026,001,Pérennisation de mesures LAFin,3050,1800.0
2026,001,Pérennisation de mesures LAFin,3052,3200.0
2026,001,Pérennisation de mesures LAFin,3054,700.0
2026,001,Pérennisation de mesures LAFin,3099,1900.0
2026,001,Pérennisation de mesures LAFin,3100,2000.0
2026,001,Pérennisation de mesures LAFin,3102,5000.0
2026,001,Pérennisation de mesures LAFin,3103,500.0
2026,001,Pérennisation de mesures LAFin,3110,2100.0
2026,001,Pérennisation de mesures LAFin,3120,600.0
2026,001,Pérennisation de mesures LAFin,3130,21700.0
2026,001,Pérennisation de mesures LAFin,3132,5000.0
2026,001,Pérennisation de mesures LAFin,3161,1000.0
2026,001,Pérennisation de mesures LAFin,3170,3500.0
2026,001,Pérennisation de mesures LAFin,3199,500.0
2026,001,Pérennisation de mesures LAFin,3499,300.0
2026,052,Pérennisation de mesures LAFin,3100,50000.0
2026,052,Pérennisation de mesures LAFin,3101,7000.0
2026,052,Pérennisation de mesures LAFin,3102,655000.0
2026,052,Pérennisation de mesures LAFin,3103,3000.0
2026,052,Pérennisation de mesures LAFin,3110,70000.0
2026,052,Pérennisation de mesures LAFin,3113,2000.0
2026,052,Pérennisation de mesures LAFin,3130,355000.0
2026,052,Pérennisation de mesures LAFin,3132,40000.0
2026,052,Pérennisation de mesures LAFin,3150,20000.0
2026,052,Pérennisation de mesures LAFin,3169,35000.0
2026,052,Pérennisation de mesures LAFin,3170,13000.0
2026,052,Pérennisation de mesures LAFin,3199,3000.0
2026,052,Pérennisation de mesures LAFin,3499,100000.0
2026,053,Pérennisation de mesures LAFin,3030,49200.0
2026,053,Pérennisation de mesures LAFin,3050,3200.0
2026,053,Pérennisation de mesures LAFin,3052,5700.0
2026,053,Pérennisation de mesures LAFin,3054,1300.0
2026,053,Pérennisation de mesures LAFin,3102,20000.0
2026,053,Pérennisation de mesures LAFin,3132,16000.0
2026,053,Pérennisation de mesures LAFin,3400,250000.0
2026,053,Augmentation de la participation de l'ECA en faveur du Canton,4463,5000000.0
2026,043,Pérennisation de mesures LAFin,3130,15000.0
2026,043,Pérennisation de mesures LAFin,3132,651900.0
2026,043,Pérennisation de mesures LAFin,3137,5000.0
2026,043,Pérennisation de mesures LAFin,3161,10000.0
2026,043,Pérennisation de mesures LAFin,3632,60000.0
2026,043,Pérennisation de mesures LAFin,3634,72300.0
2026,043,Pérennisation de mesures LAFin,3635,105200.0
2026,043,Pérennisation de mesures LAFin,3636,334500.0
2026,043,Adaptation des émoluments pour les permis de constuire CAMAC,4210,500000.0
2026,042,Pérennisation de mesures LAFin,3636,204900.0
2026,050,Pérennisation de mesures LAFin,3060,40000.0
2026,050,Pérennisation de mesures LAFin,3062,10000.0
2026,050,Pérennisation de mesures LAFin,3102,160000.0
2026,050,Pérennisation de mesures LAFin,3105,2000.0
2026,050,Pérennisation de mesures LAFin,3130,30000.0
2026,050,Pérennisation de mesures LAFin,3132,387000.0
2026,050,Pérennisation de mesures LAFin,3150,1000.0
2026,050,Pérennisation de mesures LAFin,3151,3000.0
2026,050,Mesures d'économies sur les ressources humaines,3010,15600000.0
2026,050,Mesures d'économies sur les ressources humaines,3636,8400000.0
2026,056,Pérennisation de mesures LAFin,3130,30000.0
2026,056,Pérennisation de mesures LAFin,3132,23300.0
2026,059,Pérennisation de mesures LAFin,3030,16600.0
2026,059,Pérennisation de mesures LAFin,3050,1100.0
2026,059,Pérennisation de mesures LAFin,3052,1900.0
2026,059,Pérennisation de mesures LAFin,3054,400.0
2026,059,Pérennisation de mesures LAFin,3090,3500.0
2026,059,Pérennisation de mesures LAFin,3132,35000.0
2026,010,Pérennisation de mesures LAFin,3030,22000.0
2026,010,Pérennisation de mesures LAFin,3090,15000.0
2026,010,Pérennisation de mesures LAFin,3099,30000.0
2026,010,Pérennisation de mesures LAFin,3102,4500.0
2026,010,Pérennisation de mesures LAFin,3111,1600.0
2026,010,Pérennisation de mesures LAFin,3130,25000.0
2026,010,Pérennisation de mesures LAFin,3132,26000.0
2026,010,Pérennisation de mesures LAFin,3150,1000.0
2026,012,Pérennisation de mesures LAFin,3020,722600.0
2026,012,Pérennisation de mesures LAFin,3050,47400.0
2026,012,Pérennisation de mesures LAFin,3052,84600.0
2026,012,Pérennisation de mesures LAFin,3053,1100.0
2026,012,Pérennisation de mesures LAFin,3054,18400.0
2026,012,Pérennisation de mesures LAFin,3059,500.0
2026,012,Pérennisation de mesures LAFin,3090,500000.0
2026,012,Pérennisation de mesures LAFin,3138,100000.0
2026,012,Pérennisation de mesures LAFin,3161,110000.0
2026,012,Pérennisation de mesures LAFin,3300,600000.0
2026,012,Pérennisation de mesures LAFin,3610,2000000.0
2026,012,Pérennisation de mesures LAFin,3637,62400.0
2026,012,Pérennisation de mesures LAFin,3635,1000000.0
2026,012,Diminution du tarif horaire pour la rémunération des remplaçants non titrés,3020,1555000.0
2026,012,Diminution du tarif horaire pour la rémunération des remplaçants non titrés,3050,102400.0
2026,012,Diminution du tarif horaire pour la rémunération des remplaçants non titrés,3053,2200.0
2026,012,Diminution du tarif horaire pour la rémunération des remplaçants non titrés,3054,39500.0
2026,012,Diminution du tarif horaire pour la rémunération des remplaçants non titrés,3059,900.0
2026,012,Mesures d'économie sur les décharges d'enseignement,3020,536000.0
2026,012,Mesures d'économie sur les décharges d'enseignement,3050,35100.0
2026,012,Mesures d'économie sur les décharges d'enseignement,3052,62300.0
2026,012,Mesures d'économie sur les décharges d'enseignement,3053,700.0
2026,012,Mesures d'économie sur les décharges d'enseignement,3054,13600.0
2026,012,Mesures d'économie sur les décharges d'enseignement,3059,300.0
2026,013,Pérennisation de mesures LAFin,3111,400.0
2026,013,Pérennisation de mesures LAFin,3132,50000.0
2026,013,Pérennisation de mesures LAFin,3150,3000.0
2026,013,Pérennisation de mesures LAFin,3153,150000.0
2026,013,Pérennisation de mesures LAFin,3636,820000.0
2026,014,Pérennisation de mesures LAFin,3010,-40500.0
2026,014,Pérennisation de mesures LAFin,3020,2961000.0
2026,014,Pérennisation de mesures LAFin,3050,191500.0
2026,014,Pérennisation de mesures LAFin,3052,341900.0
2026,014,Pérennisation de mesures LAFin,3053,4600.0
2026,014,Pérennisation de mesures LAFin,3054,74500.0
2026,014,Pérennisation de mesures LAFin,3059,1900.0
2026,014,Pérennisation de mesures LAFin,3090,50000.0
2026,014,Pérennisation de mesures LAFin,3100,50000.0
2026,014,Pérennisation de mesures LAFin,3102,50000.0
2026,014,Pérennisation de mesures LAFin,3103,40000.0
2026,014,Pérennisation de mesures LAFin,3110,40000.0
2026,014,Pérennisation de mesures LAFin,3111,1833400.0
2026,014,Pérennisation de mesures LAFin,3118,5000.0
2026,014,Pérennisation de mesures LAFin,3130,330000.0
2026,014,Pérennisation de mesures LAFin,3132,75000.0
2026,014,Pérennisation de mesures LAFin,3138,298700.0
2026,014,Pérennisation de mesures LAFin,3150,95000.0
2026,014,Pérennisation de mesures LAFin,3153,-55000.0
2026,014,Pérennisation de mesures LAFin,3158,350000.0
2026,014,Pérennisation de mesures LAFin,3199,10000.0
2026,014,Pérennisation de mesures LAFin,3300,164000.0
2026,014,Pérennisation de mesures LAFin,3636,-169800.0
2026,014,Mesures d'économie sur les décharges d'enseignement,3020,268400.0
2026,014,Mesures d'économie sur les décharges d'enseignement,3050,17600.0
2026,014,Mesures d'économie sur les décharges d'enseignement,3052,31500.0
2026,014,Mesures d'économie sur les décharges d'enseignement,3053,400.0
2026,014,Mesures d'économie sur les décharges d'enseignement,3054,6900.0
2026,014,Mesures d'économie sur les décharges d'enseignement,3059,200.0
2026,015,Pérennisation de mesures LAFin,3030,10000.0
2026,015,Pérennisation de mesures LAFin,3050,1000.0
2026,015,Pérennisation de mesures LAFin,3052,1500.0
2026,015,Pérennisation de mesures LAFin,3053,100.0
2026,015,Pérennisation de mesures LAFin,3054,300.0
2026,015,Pérennisation de mesures LAFin,3059,100.0
2026,015,Pérennisation de mesures LAFin,3130,265500.0
2026,015,Pérennisation de mesures LAFin,3634,4000000.0
2026,015,Mobilisation des fonds propres Hautes des écoles et de l'UNIL,3634,21214400.0
2026,015,Mobilisation des fonds propres Hautes des écoles et de l'UNIL,3636,785600.0
2026,020,Pérennisation de mesures LAFin,3102,3000.0
2026,020,Pérennisation de mesures LAFin,3103,2000.0
2026,020,Pérennisation de mesures LAFin,3132,30000.0
2026,020,Pérennisation de mesures LAFin,3161,5000.0
2026,018,Pérennisation de mesures LAFin,3102,17000.0
2026,018,Pérennisation de mesures LAFin,3110,23000.0
2026,018,Pérennisation de mesures LAFin,3132,10000.0
2026,018,Pérennisation de mesures LAFin,3634,100000.0
2026,005,Pérennisation de mesures LAFin,3102,18000.0
2026,005,Pérennisation de mesures LAFin,3110,5000.0
2026,005,Pérennisation de mesures LAFin,3111,44000.0
2026,005,Pérennisation de mesures LAFin,3132,60000.0
2026,005,Pérennisation de mesures LAFin,3142,50200.0
2026,005,Pérennisation de mesures LAFin,3150,2000.0
2026,005,Pérennisation de mesures LAFin,3151,48000.0
2026,005,Pérennisation de mesures LAFin,3170,5000.0
2026,005,Pérennisation de mesures LAFin,3510,30000.0
2026,005,Pérennisation de mesures LAFin,3632,1328100.0
2026,005,Pérennisation de mesures LAFin,4260,-177200.0
2026,005,Augmenter la redevance annuelle pour les autorisations des installations d'épuration individuelle,4470,92000.0
2026,005,Mise à jour des tarifs liés aux redevances annuelles pour les propriétaires de port (privé ou public) et amarrages,4120,1000000.0
2026,005,Augmentation de l'émoluments cantonal lié à la distribution de l'électricité,4240,150000.0
2026,005,Suppression de la subvention pour l'entretien des tronçons non corrigés des cours d'eau pour les cas bagatelles,3632,100000.0
2026,005,Suppression des subventions liées à la gestion des forêts pour les cas bagatelles,3637,23000.0
2026,002,Pérennisation de mesures LAFin,3010,300000.0
2026,002,Pérennisation de mesures LAFin,3090,300000.0
2026,002,Pérennisation de mesures LAFin,3099,50000.0
2026,002,Pérennisation de mesures LAFin,3100,25000.0
2026,002,Pérennisation de mesures LAFin,3101,150000.0
2026,002,Pérennisation de mesures LAFin,3102,30000.0
2026,002,Pérennisation de mesures LAFin,3103,20000.0
2026,002,Pérennisation de mesures LAFin,3109,200000.0
2026,002,Pérennisation de mesures LAFin,3110,150000.0
2026,002,Pérennisation de mesures LAFin,3111,456000.0
2026,002,Pérennisation de mesures LAFin,3112,170000.0
2026,002,Pérennisation de mesures LAFin,3130,493000.0
2026,002,Pérennisation de mesures LAFin,3132,200000.0
2026,002,Pérennisation de mesures LAFin,3150,6000.0
2026,002,Pérennisation de mesures LAFin,3151,100000.0
2026,002,Pérennisation de mesures LAFin,3160,50000.0
2026,002,Pérennisation de mesures LAFin,3161,50000.0
2026,002,Pérennisation de mesures LAFin,3610,50000.0
2026,002,Prise en compte de la facturation des prestations informatiques,4612,500000.0
2026,002,Augmentation de la saisie des fonds sur les auteurs de trafic de stupéfiant et reversement en faveur du Fonds des Addictions,4511,50000.0
2026,002,Adaptation des émoluments au coût de la vie pour les entreprises de sécurité et facturation des frais d'intervention sur la base des coûts totaux,4120,60000.0
2026,002,Modifications relatives aux contrôles radars,3030,-160000.0
2026,002,Modifications relatives aux contrôles radars,3111,-260000.0
2026,002,Modifications relatives aux contrôles radars,4270,1820000.0
2026,024,Pérennisation de mesures LAFin,3090,70000.0
2026,024,Pérennisation de mesures LAFin,3099,30000.0
2026,024,Pérennisation de mesures LAFin,3130,300000.0
2026,024,Pérennisation de mesures LAFin,3135,1800000.0
2026,004,Pérennisation de mesures LAFin,3030,52000.0
2026,004,Pérennisation de mesures LAFin,3101,5000.0
2026,004,Pérennisation de mesures LAFin,3102,55500.0
2026,004,Pérennisation de mesures LAFin,3110,40000.0
2026,004,Pérennisation de mesures LAFin,3111,4300.0
2026,004,Pérennisation de mesures LAFin,3119,15000.0
2026,004,Pérennisation de mesures LAFin,3130,25000.0
2026,004,Pérennisation de mesures LAFin,3132,190000.0
2026,004,Pérennisation de mesures LAFin,3151,95200.0
2026,004,Pérennisation de mesures LAFin,3636,10000.0
2026,004,Prolongation de la durée d'amortissement de 10 à 15 ans du bâtiment ECAvenir,3160,722000.0
2026,004,Modification de divers émoluments (duplicata des livrets de service),4210,45000.0
2026,004,Conclusion des contrats de bail pour l'occupation de places de parc et locaux,4430,20000.0
2026,022,Pérennisation de mesures LAFin,3100,1400.0
2026,022,Pérennisation de mesures LAFin,3102,50000.0
2026,022,Pérennisation de mesures LAFin,3110,37500.0
2026,022,Pérennisation de mesures LAFin,3111,300.0
2026,022,Pérennisation de mesures LAFin,3130,128000.0
2026,022,Pérennisation de mesures LAFin,3132,50700.0
2026,022,Pérennisation de mesures LAFin,3150,1000.0
2026,022,Pérennisation de mesures LAFin,3160,20000.0
2026,022,Pérennisation de mesures LAFin,3170,4000.0
2026,022,Pérennisation de mesures LAFin,3499,1000.0
2026,022,Révision du règlement sur les rémunérations des curateurs afin de de prendre en charge ses interventions dans le cadre de dossiers de successions ou de ventes immobilières,4260,70000.0
2026,027,Pérennisation de mesures LAFin,3030,126000.0
2026,027,Pérennisation de mesures LAFin,3050,8300.0
2026,027,Pérennisation de mesures LAFin,3052,14700.0
2026,027,Pérennisation de mesures LAFin,3053,200.0
2026,027,Pérennisation de mesures LAFin,3054,3200.0
2026,027,Pérennisation de mesures LAFin,3059,100.0
2026,027,Pérennisation de mesures LAFin,3102,11400.0
2026,027,Pérennisation de mesures LAFin,3110,13800.0
2026,027,Pérennisation de mesures LAFin,3132,195000.0
2026,037,Pérennisation de mesures LAFin,3102,100000.0
2026,037,Pérennisation de mesures LAFin,3110,25300.0
2026,037,Pérennisation de mesures LAFin,3130,400000.0
2026,037,Pérennisation de mesures LAFin,3132,300000.0
2026,037,Pérennisation de mesures LAFin,3150,1000.0
2026,064,Pérennisation de mesures LAFin,3632,500000.0
2026,064,Pérennisation de mesures LAFin,3634,3877100.0
2026,064,Pérennisation de mesures LAFin,3635,3100000.0
2026,064,Pérennisation de mesures LAFin,3636,4145000.0
2026,064,Réduction de subventions groupe CHUV,3634,14443200.0
2026,064,Réduction de subventions FHV,3636,3962500.0
2026,064,Réduction de subventions pour le maintien à domicile,3636,4507200.0
2026,064,Réduction de subventions pour la santé communautaire et prévention,3636,783500.0
2026,065,Pérennisation de mesures LAFin,3030,100000.0
2026,065,Pérennisation de mesures LAFin,3102,64100.0
2026,065,Pérennisation de mesures LAFin,3110,53500.0
2026,065,Pérennisation de mesures LAFin,3132,200000.0
2026,065,Pérennisation de mesures LAFin,4612,-9200.0
2026,066,Pérennisation de mesures LAFin,3612,942500.0
2026,066,Pérennisation de mesures LAFin,3637,1300000.0
2026,066,Pérennisation de mesures LAFin,4612,-221000.0
2026,066,Pérennisation de mesures LAFin,3636,2800000.0
2026,066,Remboursement des soins dentaires par les régimes sociaux,3637,2800000.0
2026,066,Remboursement des soins dentaires par les régimes sociaux,4612,-476000.0
2026,066,Délai de carence pour le droit aux subsides et déduction taxe CO,3637,8400000.0
2026,066,Délai de carence pour le droit aux subsides et déduction taxe CO,4612,-1428000.0
2026,066,Décote de la prime de référence pour les adultes,3637,10000000.0
2026,066,Décote de la prime de référence pour les adultes,4612,-1700000.0
2026,067,Pérennisation de mesures LAFin,3636,5935000.0
2026,067,Pérennisation de mesures LAFin,4612,-159000.0
2026,067,Fonds entretien et mobilier,3637,4200000.0
2026,067,Fonds entretien et mobilier,4612,-714000.0
2026,067,Economie uniforme pour les établissements d'hébergement,3637,2850000.0
2026,067,Economie uniforme pour les établissements d'hébergement,4612,-484500.0
2026,039,Pérennisation de mesures LAFin,3030,30000.0
2026,039,Pérennisation de mesures LAFin,3102,14100.0
2026,039,Pérennisation de mesures LAFin,3111,200.0
2026,039,Pérennisation de mesures LAFin,3130,38000.0
2026,039,Pérennisation de mesures LAFin,3132,45000.0
2026,039,Pérennisation de mesures LAFin,3634,3000.0
2026,039,Pérennisation de mesures LAFin,3636,12000.0
2026,044,Pérennisation de mesures LAFin,3100,5000.0
2026,044,Pérennisation de mesures LAFin,3102,10000.0
2026,044,Pérennisation de mesures LAFin,3130,18000.0
2026,044,Pérennisation de mesures LAFin,3132,200000.0
2026,044,Pérennisation de mesures LAFin,3150,2000.0
2026,044,Pérennisation de mesures LAFin,3170,15000.0
2026,040,Pérennisation de mesures LAFin,3635,200000.0
2026,040,Pérennisation de mesures LAFin,3636,200000.0
2026,040,Pérennisation de mesures LAFin,4612,-68000.0
2026,023,Pérennisation de mesures LAFin,3030,70000.0
2026,023,Pérennisation de mesures LAFin,3049,5000.0
2026,023,Pérennisation de mesures LAFin,3102,25000.0
2026,023,Pérennisation de mesures LAFin,3110,5000.0
2026,023,Pérennisation de mesures LAFin,3120,2000.0
2026,023,Pérennisation de mesures LAFin,3130,135000.0
2026,023,Pérennisation de mesures LAFin,3132,418800.0
2026,023,Pérennisation de mesures LAFin,3150,4000.0
2026,023,Mesures visant à réduire les charges des réfugiés,3634,20000000.0
2026,023,Emolument supplémentaire pour la vérification de l'état civil en cas de naturalisation par l'autorité de surveillance,4210,247500.0
2026,048,Pérennisation de mesures LAFin,3030,100000.0
2026,048,Pérennisation de mesures LAFin,3101,100000.0
2026,048,Pérennisation de mesures LAFin,3102,12300.0
2026,048,Pérennisation de mesures LAFin,3104,100000.0
2026,048,Pérennisation de mesures LAFin,3110,8500.0
2026,048,Pérennisation de mesures LAFin,3111,94600.0
2026,048,Pérennisation de mesures LAFin,3120,405000.0
2026,048,Pérennisation de mesures LAFin,3130,500000.0
2026,048,Pérennisation de mesures LAFin,3134,500000.0
2026,048,Pérennisation de mesures LAFin,3144,1500000.0
2026,048,Pérennisation de mesures LAFin,3151,50000.0
2026,048,Pérennisation de mesures LAFin,3511,185000.0
2026,048,Pérennisation de mesures LAFin,4210,400000.0
2026,048,Augmentation de la participation financière des communes dans le cadre du recensement des monuments historiques,4210,300000.0
2026,045,Pérennisation de mesures LAFin,3102,8200.0
2026,045,Pérennisation de mesures LAFin,3110,5000.0
2026,045,Pérennisation de mesures LAFin,3111,400.0
2026,045,Pérennisation de mesures LAFin,3132,56500.0
2026,045,Pérennisation de mesures LAFin,3150,1000.0
2026,068,Pérennisation de mesures LAFin,3111,800.0
2026,068,Pérennisation de mesures LAFin,3150,1000.0
2026,068,Réduction temportaire des subventions aux églises,3634,1200000.0
2026,017,Pérennisation de mesures LAFin,3102,16100.0
2026,017,Pérennisation de mesures LAFin,3111,7400.0
2026,017,Pérennisation de mesures LAFin,3119,65000.0
2026,017,Pérennisation de mesures LAFin,3132,25000.0
2026,017,Pérennisation de mesures LAFin,3150,13000.0
2026,017,Pérennisation de mesures LAFin,3151,7000.0
2026,017,Pérennisation de mesures LAFin,3636,1400000.0
2026,046,Pérennisation de mesures LAFin,3632,3965600.0
2026,046,Suppression des facilités tarifaires,3100,30000.0
2026,046,Suppression des facilités tarifaires,3102,61000.0
2026,046,Suppression des facilités tarifaires,3130,39000.0
2026,046,Suppression des facilités tarifaires,3635,9500000.0
2026,003,Pérennisation de mesures LAFin,3030,90900.0
2026,003,Pérennisation de mesures LAFin,3050,6000.0
2026,003,Pérennisation de mesures LAFin,3052,10600.0
2026,003,Pérennisation de mesures LAFin,3053,100.0
2026,003,Pérennisation de mesures LAFin,3054,2300.0
2026,003,Pérennisation de mesures LAFin,3059,100.0
2026,003,Pérennisation de mesures LAFin,3100,30000.0
2026,003,Pérennisation de mesures LAFin,3101,6000.0
2026,003,Pérennisation de mesures LAFin,3102,100000.0
2026,003,Pérennisation de mesures LAFin,3110,25000.0
2026,003,Pérennisation de mesures LAFin,3111,100000.0
2026,003,Pérennisation de mesures LAFin,3112,1000.0
2026,003,Pérennisation de mesures LAFin,3130,192400.0
2026,003,Pérennisation de mesures LAFin,3132,100000.0
2026,003,Pérennisation de mesures LAFin,3137,10000.0
2026,003,Pérennisation de mesures LAFin,3140,20000.0
2026,003,Pérennisation de mesures LAFin,3151,45200.0
2026,003,Pérennisation de mesures LAFin,3170,25000.0
2026,003,Pérennisation de mesures LAFin,3181,200000.0
2026,003,Augmentation de la majoration maximum de la taxe des véhicules de 25%,4030,4918000.0
2026,003,Facturation des changements d'adresse et des campagnes de rappels,4210,424200.0
2026,003,Emoluments supplémentaires en lien avec trois experts techniques des véhicules,3010,-121800.0
2026,003,Emoluments supplémentaires en lien avec trois experts techniques des véhicules,3050,-8000.0
2026,003,Emoluments supplémentaires en lien avec trois experts techniques des véhicules,3052,-14200.0
2026,003,Emoluments supplémentaires en lien avec trois experts techniques des véhicules,3053,-200.0
2026,003,Emoluments supplémentaires en lien avec trois experts techniques des véhicules,3054,-3100.0
2026,003,Emoluments supplémentaires en lien avec trois experts techniques des véhicules,3059,-100.0
2026,003,Emoluments supplémentaires en lien avec trois experts techniques des véhicules,4210,390000.0
2026,054,Pérennisation de mesures LAFin,3030,245100.0
2026,054,Pérennisation de mesures LAFin,3040,50000.0
2026,054,Pérennisation de mesures LAFin,3050,10900.0
2026,054,Pérennisation de mesures LAFin,3052,19400.0
2026,054,Pérennisation de mesures LAFin,3053,300.0
2026,054,Pérennisation de mesures LAFin,3054,4200.0
2026,054,Pérennisation de mesures LAFin,3059,100.0
2026,054,Pérennisation de mesures LAFin,3061,30000.0
2026,054,Pérennisation de mesures LAFin,3090,208700.0
2026,054,Pérennisation de mesures LAFin,3091,140000.0
2026,054,Pérennisation de mesures LAFin,3100,10000.0
2026,054,Pérennisation de mesures LAFin,3102,20000.0
2026,054,Pérennisation de mesures LAFin,3132,15000.0
2026,054,Pérennisation de mesures LAFin,3170,10000.0
2026,054,Pérennisation de mesures LAFin,3634,68000.0
2026,054,Pérennisation de mesures LAFin,3636,120000.0
2026,070,Pérennisation de mesures LAFin,3030,11000.0
2026,070,Pérennisation de mesures LAFin,3110,3500.0
2026,070,Pérennisation de mesures LAFin,3132,19000.0
2026,070,Pérennisation de mesures LAFin,3150,1000.0
2026,070,Réduction temporaire de la contribution de l'Etat à la FAJE,3636,9780000.0
2026,069,Pérennisation de mesures LAFin,3102,1500.0
2026,069,Pérennisation de mesures LAFin,3110,1500.0
2026,051,Pérennisation de mesures LAFin,3030,34400.0
2026,051,Pérennisation de mesures LAFin,3100,500.0
2026,051,Pérennisation de mesures LAFin,3102,16400.0
2026,051,Pérennisation de mesures LAFin,3106,40000.0
2026,051,Pérennisation de mesures LAFin,3110,1300.0
2026,051,Pérennisation de mesures LAFin,3111,2000.0
2026,051,Pérennisation de mesures LAFin,3116,100000.0
2026,051,Pérennisation de mesures LAFin,3132,308800.0
2026,051,Pérennisation de mesures LAFin,3150,1500.0
2026,051,Pérennisation de mesures LAFin,3151,8000.0
2026,051,Pérennisation de mesures LAFin,3169,9800.0
2026,041,Pérennisation de mesures LAFin,3030,300000.0
2026,041,Pérennisation de mesures LAFin,3091,20000.0
2026,041,Pérennisation de mesures LAFin,3101,40000.0
2026,041,Pérennisation de mesures LAFin,3104,45000.0
2026,041,Pérennisation de mesures LAFin,3106,10000.0
2026,041,Pérennisation de mesures LAFin,3110,27000.0
2026,041,Pérennisation de mesures LAFin,3111,15000.0
2026,041,Pérennisation de mesures LAFin,3116,20000.0
2026,041,Pérennisation de mesures LAFin,3130,155000.0
2026,041,Pérennisation de mesures LAFin,3132,30000.0
2026,041,Pérennisation de mesures LAFin,3133,100000.0
2026,041,Pérennisation de mesures LAFin,3612,40000.0
2026,041,Pérennisation de mesures LAFin,3636,69100.0
2026,041,Pérennisation de mesures LAFin,3637,44700.0
2026,041,Pérennisation de mesures LAFin,4309,43000.0
2026,041,"Réduction des subventions, réduction 1 ETP, réductions coûts",3010,162000.0
2026,041,"Réduction des subventions, réduction 1 ETP, réductions coûts",3020,14000.0
2026,041,"Réduction des subventions, réduction 1 ETP, réductions coûts",3050,12800.0
2026,041,"Réduction des subventions, réduction 1 ETP, réductions coûts",3052,23000.0
2026,041,"Réduction des subventions, réduction 1 ETP, réductions coûts",3054,5000.0
2026,041,"Réduction des subventions, réduction 1 ETP, réductions coûts",3111,100000.0
2026,041,"Réduction des subventions, réduction 1 ETP, réductions coûts",3151,29200.0
2026,041,"Réduction des subventions, réduction 1 ETP, réductions coûts",3636,118800.0
2026,041,"Réduction des subventions, réduction 1 ETP, réductions coûts",3637,1380000.0
2026,047,Pérennisation de mesures LAFin,3158,3123900.0
2026,047,Suppression de la possibilité d'étendre le périmètre pour les identités numériques de la cyberadministration,3158,635300.0
2026,047,Suppression du support à l'aide à l'usager de la cyberadministration,3158,134800.0
2026,047,Suppression d'extensions logicielles en matière de sécurité informatique,3158,267400.0
2026,047,Limitation du besoin supplémentaire concernant les augmentations de prix des licences,3158,322100.0
2026,047,Limitation du montant des amortissements du crédit d'inventaire au montant,3300,1307000.0
2026,057,Pérennisation de mesures LAFin,3030,140000.0
2026,057,Pérennisation de mesures LAFin,3050,9100.0
2026,057,Pérennisation de mesures LAFin,3053,1300.0
2026,057,Pérennisation de mesures LAFin,3054,3500.0
2026,057,Pérennisation de mesures LAFin,3059,100.0
2026,057,Pérennisation de mesures LAFin,3130,395100.0
2026,057,Pérennisation de mesures LAFin,3637,4000.0
2026,026,Pérennisation de mesures LAFin,3135,233000.0
2026,058,Pérennisation de mesures LAFin,3000,260000.0
