type,annee,statut,resultat_officiel,revenus_extraordinaires,charges_extraordinaires,resultat_recalcule,rapprochement_ok
budget,2019,adopté,110500.0,0,0,110500.0,1
budget,2020,adopté,76100.0,0,0,76100.0,1
budget,2021,adopté,-164239500.0,0,0,-164239500.0,1
budget,2022,adopté,-188772500.0,0,0,-188772500.0,1
budget,2023,adopté,-229619000.0,0,0,-229619000.0,1
budget,2024,adopté,-248831700.0,389877500.0,0,-248831700.0,1
budget,2025,adopté,-280656700.0,294740100.0,0,-280656700.0,1
budget,2026,adopté,-297200000.0,492731500.0,0.0,-297200000.0,1
budget,2027,projet,-356487600.0,440013600.0,0.0,-356487600.0,1
comptes,2018,bouclés,186122315.55,100105682.72,71910166.55,186122315.21,1
comptes,2019,bouclés,54298009.69,84866561.95,458250063.8,54298009.58,1
comptes,2020,bouclés,147826394.65,142311108.41,261401109.5,147826393.8,1
comptes,2021,bouclés,327333869.11,313120605.86,449260580.49,327333868.71,1
comptes,2022,bouclés,104258801.37,371499371.31,681284221.45,104258802.21,1
comptes,2023,bouclés,930633.92,425939838.63,385733849.56,930633.51,1
comptes,2024,bouclés,-262982793.18,580098457.5,473870471.45,-262982793.47,1
comptes,2025,bouclés,-129609214.89,1491259633.87,1464715889.49,-129609214.97,1
