budget,service,nom,type,selon_sa_brochure,selon_brochure_suivante,ecart
2020,001,Secrétariat général du DFTS,charges,5490800,3655000,-1835800
2020,001,Secrétariat général du DFTS,revenus,306300,281600,-24700
2020,012,DGEO - Enseignement obligatoire et pédagogie spécialisée,charges,1315047700,1312155100,-2892600
2020,012,DGEO - Enseignement obligatoire et pédagogie spécialisée,revenus,4833800,4832900,-900
2020,018,Direction générale de l'enfance et de la jeunesse,charges,171275000,174167600,2892600
2020,018,Direction générale de l'enfance et de la jeunesse,revenus,25794100,25795000,900
2020,020,Secrétariat général du DJES,charges,64807600,2604900,-62202700
2020,020,Secrétariat général du DJES,revenus,83600,2600,-81000
2020,021,Service juridique et législatif,charges,38397400,0,-38397400
2020,021,Service juridique et législatif,revenus,53165000,0,-53165000
2020,025,Service des communes et du logement,charges,21799900,0,-21799900
2020,025,Service des communes et du logement,revenus,12904900,0,-12904900
2020,043,Direction générale du territoire et du logement,charges,14534300,28584600,14050300
2020,043,Direction générale du territoire et du logement,revenus,1092000,6530400,5438400
2020,045,Secrétariat général du DICIRH,charges,74737400,69955200,-4782200
2020,045,Secrétariat général du DICIRH,revenus,9008000,3758200,-5249800
2020,068,Dir. générale des affaires institutionnelles et des communes,charges,0,114967700,114967700
2020,068,Dir. générale des affaires institutionnelles et des communes,revenus,0,65987000,65987000
2022,001,Secrétariat général du DFTS,charges,3795400,6939700,3144300
2022,001,Secrétariat général du DFTS,revenus,230200,1119500,889300
2022,020,Secrétariat général du DJES,charges,2986100,2500300,-485800
2022,020,Secrétariat général du DJES,revenus,488400,2600,-485800
2022,039,Secrétariat général du DEIEP,charges,3292800,5197900,1905100
2022,039,Secrétariat général du DEIEP,revenus,126500,170700,44200
2022,045,Secrétariat général du DICIRH,charges,83995200,82090100,-1905100
2022,045,Secrétariat général du DICIRH,revenus,3795500,3751300,-44200
2022,050,Chancellerie d'Etat,charges,15746200,14730000,-1016200
2022,050,Chancellerie d'Etat,revenus,617000,411200,-205800
2022,051,Secrétariat général du DADN,charges,12108100,9449600,-2658500
2022,051,Secrétariat général du DADN,revenus,743200,339700,-403500
2022,054,Direction générale des ressources humaines,charges,21078300,22094500,1016200
2022,054,Direction générale des ressources humaines,revenus,3853800,4059600,205800
2023,001,Secrétariat général du DFTS,charges,7147700,5450900,-1696800
2023,001,Secrétariat général du DFTS,revenus,1188700,486000,-702700
2023,051,Secrétariat général du DADN,charges,8495800,10192600,1696800
2023,051,Secrétariat général du DADN,revenus,295100,997800,702700
2024,005,Direction générale de l'environnement,revenus,162713200,161458500,-1254700
2024,026,Ministère public,revenus,481500,522500,41000
2024,045,Secrétariat général du DICIRH,charges,105632000,5462300,-100169700
2024,045,Secrétariat général du DICIRH,revenus,3825900,2100,-3823800
2024,051,Secrétariat général du DADN,revenus,679100,281300,-397800
2024,053,Service d'analyse et de gestion financières,revenus,990276500,602076500,-388200000
2024,054,Direction générale des ressources humaines,charges,18126300,23547500,5421200
2024,054,Direction générale des ressources humaines,revenus,2489000,6308400,3819400
2024,057,Ordre judiciaire vaudois,revenus,101341400,101406200,64800
2024,068,Dir. générale des affaires institutionnelles et des communes,revenus,74222000,74197000,-25000
2024,069,Conseil de la magistrature,charges,360000,465800,105800
2024,070,Service cantonal de l'accueil de jour des enfants,charges,0,94748500,94748500
2024,070,Service cantonal de l'accueil de jour des enfants,revenus,0,4400,4400
2025,044,Service de la promotion de l'économie et de l'innovation,charges,62544300,53603500,-8940800
2025,044,Service de la promotion de l'économie et de l'innovation,revenus,27580100,25856800,-1723300
2025,045,Secrétariat général du DICIRH,charges,5841500,4707500,-1134000
2025,045,Secrétariat général du DICIRH,revenus,12100,11800,-300
2025,051,Secrétariat général du DADN,charges,9056000,19130800,10074800
2025,051,Secrétariat général du DADN,revenus,311300,2034900,1723600
